{
  "properties": {
    "activities": [
      {
        "name": "Bronze Cleansing",
        "type": "TridentNotebook",
        "state": "Inactive",
        "onInactiveMarkAs": "Succeeded",
        "dependsOn": [],
        "policy": {
          "timeout": "0.12:00:00",
          "retry": 0,
          "retryIntervalInSeconds": 30,
          "secureOutput": false,
          "secureInput": false
        },
        "typeProperties": {
          "notebookId": "630a1e53-f33c-4b3f-8ea9-586fbe0d63ed",
          "workspaceId": "026f5f82-6f1a-4490-af92-058246f9e89a"
        }
      },
      {
        "name": "Stored procedure1",
        "type": "SqlServerStoredProcedure",
        "dependsOn": [
          {
            "activity": "Bronze Cleansing",
            "dependencyConditions": [
              "Completed"
            ]
          }
        ],
        "policy": {
          "timeout": "0.12:00:00",
          "retry": 0,
          "retryIntervalInSeconds": 30,
          "secureOutput": false,
          "secureInput": false
        },
        "typeProperties": {
          "storedProcedureName": "[Gold].[sp_Wrapper_Upsert_Load]"
        },
        "linkedService": {
          "name": "DW_AdventureWorks",
          "properties": {
            "annotations": [],
            "type": "DataWarehouse",
            "typeProperties": {
              "endpoint": "fa7b2jvkrnqezhe25fwe36cmhy-qjpw6aq2n6iejl4sawben6piti.datawarehouse.fabric.microsoft.com",
              "artifactId": "867e9677-3ac6-4d21-89b9-e2f1a2d1339e",
              "workspaceId": "026f5f82-6f1a-4490-af92-058246f9e89a"
            }
          }
        }
      }
    ]
  }
}