{
  "config": "{\"version\":\"5.59\",\"themeCollection\":{\"baseTheme\":{\"name\":\"CY24SU10\",\"version\":\"5.63\",\"type\":2}},\"activeSectionIndex\":0,\"defaultDrillFilterOtherVisuals\":true,\"linguisticSchemaSyncVersion\":0,\"settings\":{\"useNewFilterPaneExperience\":true,\"allowChangeFilterTypes\":true,\"useStylableVisualContainerHeader\":true,\"queryLimitOption\":6,\"useEnhancedTooltips\":true,\"exportDataMode\":1,\"useDefaultAggregateDisplayName\":true,\"allowInlineExploration\":true},\"objects\":{\"section\":[{\"properties\":{\"verticalAlignment\":{\"expr\":{\"Literal\":{\"Value\":\"'Top'\"}}}}}],\"outspacePane\":[{\"properties\":{\"expanded\":{\"expr\":{\"Literal\":{\"Value\":\"false\"}}}}}]},\"creationSource\":\"QuickCreate\"}",
  "layoutOptimization": 0,
  "publicCustomVisuals": [
    "powerKPIMatrixEB2381CC88A8425FBEB1B07FF57784E6",
    "WordCloud1447959067750"
  ],
  "resourcePackages": [
    {
      "resourcePackage": {
        "disabled": false,
        "items": [
          {
            "name": "CY24SU10",
            "path": "BaseThemes/CY24SU10.json",
            "type": 202
          }
        ],
        "name": "SharedResources",
        "type": 2
      }
    }
  ],
  "sections": [
    {
      "config": "{}",
      "displayName": "Page 1",
      "displayOption": 1,
      "filters": "[]",
      "height": 720.00,
      "name": "d8d59bc6ae10d692b98e",
      "visualContainers": [
        {
          "config": "{\"name\":\"04742e3c2aa198866709\",\"layouts\":[{\"id\":0,\"position\":{\"x\":225.39923954372622,\"y\":53.8403041825095,\"z\":5000,\"width\":210.79847908745245,\"height\":58.40304182509505,\"tabOrder\":4000}}],\"singleVisual\":{\"visualType\":\"slicer\",\"projections\":{\"Values\":[{\"queryRef\":\"dimorganization.OrganizationName\",\"active\":true}]},\"prototypeQuery\":{\"Version\":2,\"From\":[{\"Name\":\"d1\",\"Entity\":\"dimorganization\",\"Type\":0}],\"Select\":[{\"Column\":{\"Expression\":{\"SourceRef\":{\"Source\":\"d1\"}},\"Property\":\"OrganizationName\"},\"Name\":\"dimorganization.OrganizationName\",\"NativeReferenceName\":\"OrganizationName\"}]},\"drillFilterOtherVisuals\":true,\"objects\":{\"data\":[{\"properties\":{\"mode\":{\"expr\":{\"Literal\":{\"Value\":\"'Dropdown'\"}}}}}],\"header\":[{\"properties\":{\"textSize\":{\"expr\":{\"Literal\":{\"Value\":\"12D\"}}}}}],\"general\":[{\"properties\":{}}]},\"vcObjects\":{\"title\":[{\"properties\":{\"show\":{\"expr\":{\"Literal\":{\"Value\":\"true\"}}},\"bold\":{\"expr\":{\"Literal\":{\"Value\":\"true\"}}},\"alignment\":{\"expr\":{\"Literal\":{\"Value\":\"'center'\"}}}}}],\"border\":[{\"properties\":{\"show\":{\"expr\":{\"Literal\":{\"Value\":\"true\"}}}}}]}}}",
          "filters": "[]",
          "height": 58.40,
          "width": 210.80,
          "x": 225.40,
          "y": 53.84,
          "z": 5000.00
        },
        {
          "config": "{\"name\":\"13646ddc5e38f841a25b\",\"layouts\":[{\"id\":0,\"position\":{\"x\":10.950570342205323,\"y\":53.8403041825095,\"z\":4000,\"width\":210.79847908745245,\"height\":58.40304182509505,\"tabOrder\":3000}}],\"singleVisual\":{\"visualType\":\"slicer\",\"projections\":{\"Values\":[{\"queryRef\":\"dimdate.CalendarYear\",\"active\":true}]},\"prototypeQuery\":{\"Version\":2,\"From\":[{\"Name\":\"d\",\"Entity\":\"dimdate\",\"Type\":0}],\"Select\":[{\"Column\":{\"Expression\":{\"SourceRef\":{\"Source\":\"d\"}},\"Property\":\"CalendarYear\"},\"Name\":\"dimdate.CalendarYear\",\"NativeReferenceName\":\"CalendarYear\"}]},\"drillFilterOtherVisuals\":true,\"objects\":{\"data\":[{\"properties\":{\"mode\":{\"expr\":{\"Literal\":{\"Value\":\"'Dropdown'\"}}}}}],\"header\":[{\"properties\":{\"textSize\":{\"expr\":{\"Literal\":{\"Value\":\"12D\"}}}}}]},\"vcObjects\":{\"title\":[{\"properties\":{\"show\":{\"expr\":{\"Literal\":{\"Value\":\"true\"}}},\"bold\":{\"expr\":{\"Literal\":{\"Value\":\"true\"}}},\"alignment\":{\"expr\":{\"Literal\":{\"Value\":\"'center'\"}}}}}],\"border\":[{\"properties\":{\"show\":{\"expr\":{\"Literal\":{\"Value\":\"true\"}}}}}]}}}",
          "filters": "[]",
          "height": 58.40,
          "width": 210.80,
          "x": 10.95,
          "y": 53.84,
          "z": 4000.00
        },
        {
          "config": "{\"name\":\"45559de3b8a1c3a809af\",\"layouts\":[{\"id\":0,\"position\":{\"x\":677.1102661596957,\"y\":360.4562737642585,\"z\":7000,\"width\":591.3307984790874,\"height\":346.7680608365019,\"tabOrder\":6000}}],\"singleVisual\":{\"visualType\":\"WordCloud1447959067750\",\"projections\":{\"Category\":[{\"queryRef\":\"dimorganization.OrganizationName\"}],\"Values\":[{\"queryRef\":\"Sum(factfinance.Amount)\"}]},\"prototypeQuery\":{\"Version\":2,\"From\":[{\"Name\":\"d\",\"Entity\":\"dimorganization\",\"Type\":0},{\"Name\":\"f\",\"Entity\":\"factfinance\",\"Type\":0}],\"Select\":[{\"Column\":{\"Expression\":{\"SourceRef\":{\"Source\":\"d\"}},\"Property\":\"OrganizationName\"},\"Name\":\"dimorganization.OrganizationName\",\"NativeReferenceName\":\"OrganizationName\"},{\"Aggregation\":{\"Expression\":{\"Column\":{\"Expression\":{\"SourceRef\":{\"Source\":\"f\"}},\"Property\":\"Amount\"}},\"Function\":0},\"Name\":\"Sum(factfinance.Amount)\",\"NativeReferenceName\":\"Sum of Amount\"}]},\"drillFilterOtherVisuals\":true,\"objects\":{},\"vcObjects\":{\"title\":[{\"properties\":{\"text\":{\"expr\":{\"Literal\":{\"Value\":\"' Organization Name By Amount'\"}}},\"fontFamily\":{\"expr\":{\"Literal\":{\"Value\":\"'''Segoe UI'', wf_segoe-ui_normal, helvetica, arial, sans-serif'\"}}},\"bold\":{\"expr\":{\"Literal\":{\"Value\":\"true\"}}},\"alignment\":{\"expr\":{\"Literal\":{\"Value\":\"'center'\"}}},\"fontColor\":{\"solid\":{\"color\":{\"expr\":{\"ThemeDataColor\":{\"ColorId\":1,\"Percent\":0}}}}},\"background\":{\"solid\":{\"color\":{\"expr\":{\"Literal\":{\"Value\":\"'#cccccc'\"}}}}}}}],\"border\":[{\"properties\":{\"show\":{\"expr\":{\"Literal\":{\"Value\":\"true\"}}}}}]}}}",
          "filters": "[]",
          "height": 346.77,
          "width": 591.33,
          "x": 677.11,
          "y": 360.46,
          "z": 7000.00
        },
        {
          "config": "{\"name\":\"494ec7a84fb9dcb6ebaf\",\"layouts\":[{\"id\":0,\"position\":{\"x\":677.1102661596957,\"y\":125.0190114068441,\"z\":2000,\"width\":591.3307984790874,\"height\":229.04942965779466,\"tabOrder\":1000}}],\"singleVisual\":{\"visualType\":\"columnChart\",\"projections\":{\"Y\":[{\"queryRef\":\"Sum(factfinance.Amount)\"}],\"Series\":[{\"queryRef\":\"dimscenario.ScenarioName\"}],\"Category\":[{\"queryRef\":\"dimorganization.OrganizationName\",\"active\":true}]},\"prototypeQuery\":{\"Version\":2,\"From\":[{\"Name\":\"f\",\"Entity\":\"factfinance\",\"Type\":0},{\"Name\":\"d\",\"Entity\":\"dimscenario\",\"Type\":0},{\"Name\":\"d2\",\"Entity\":\"dimorganization\",\"Type\":0}],\"Select\":[{\"Aggregation\":{\"Expression\":{\"Column\":{\"Expression\":{\"SourceRef\":{\"Source\":\"f\"}},\"Property\":\"Amount\"}},\"Function\":0},\"Name\":\"Sum(factfinance.Amount)\",\"NativeReferenceName\":\"Sum of Amount\"},{\"Column\":{\"Expression\":{\"SourceRef\":{\"Source\":\"d\"}},\"Property\":\"ScenarioName\"},\"Name\":\"dimscenario.ScenarioName\",\"NativeReferenceName\":\"ScenarioName\"},{\"Column\":{\"Expression\":{\"SourceRef\":{\"Source\":\"d2\"}},\"Property\":\"OrganizationName\"},\"Name\":\"dimorganization.OrganizationName\",\"NativeReferenceName\":\"OrganizationName\"}],\"OrderBy\":[{\"Direction\":2,\"Expression\":{\"Aggregation\":{\"Expression\":{\"Column\":{\"Expression\":{\"SourceRef\":{\"Source\":\"f\"}},\"Property\":\"Amount\"}},\"Function\":0}}}]},\"columnProperties\":{\"Sum(factfinance.Amount)\":{\"displayName\":\"Sum of Amount\"}},\"drillFilterOtherVisuals\":true,\"hasDefaultSort\":true,\"objects\":{\"labels\":[{\"properties\":{\"show\":{\"expr\":{\"Literal\":{\"Value\":\"true\"}}},\"labelOrientation\":{\"expr\":{\"Literal\":{\"Value\":\"1D\"}}},\"labelDisplayUnits\":{\"expr\":{\"Literal\":{\"Value\":\"1000000D\"}}}}}],\"dataPoint\":[{\"properties\":{\"fill\":{\"solid\":{\"color\":{\"expr\":{\"ThemeDataColor\":{\"ColorId\":2,\"Percent\":0}}}}}},\"selector\":{\"metadata\":\"Sum(factfinance.Amount)\"}},{\"properties\":{\"fill\":{\"solid\":{\"color\":{\"expr\":{\"Literal\":{\"Value\":\"'#5EEBEB'\"}}}}}},\"selector\":{\"data\":[{\"scopeId\":{\"Comparison\":{\"ComparisonKind\":0,\"Left\":{\"Column\":{\"Expression\":{\"SourceRef\":{\"Entity\":\"dimscenario\"}},\"Property\":\"ScenarioName\"}},\"Right\":{\"Literal\":{\"Value\":\"'Actual'\"}}}}}]}},{\"properties\":{\"fill\":{\"solid\":{\"color\":{\"expr\":{\"ThemeDataColor\":{\"ColorId\":4,\"Percent\":0}}}}}},\"selector\":{\"data\":[{\"scopeId\":{\"Comparison\":{\"ComparisonKind\":0,\"Left\":{\"Column\":{\"Expression\":{\"SourceRef\":{\"Entity\":\"dimscenario\"}},\"Property\":\"ScenarioName\"}},\"Right\":{\"Literal\":{\"Value\":\"'Budget'\"}}}}}]}}],\"legend\":[{\"properties\":{\"position\":{\"expr\":{\"Literal\":{\"Value\":\"'TopRight'\"}}}}}],\"categoryAxis\":[{\"properties\":{\"labelColor\":{\"solid\":{\"color\":{\"expr\":{\"ThemeDataColor\":{\"ColorId\":1,\"Percent\":0}}}}},\"bold\":{\"expr\":{\"Literal\":{\"Value\":\"true\"}}}}}],\"valueAxis\":[{\"properties\":{\"labelColor\":{\"solid\":{\"color\":{\"expr\":{\"ThemeDataColor\":{\"ColorId\":1,\"Percent\":0}}}}},\"bold\":{\"expr\":{\"Literal\":{\"Value\":\"true\"}}},\"gridlineColor\":{\"solid\":{\"color\":{\"expr\":{\"ThemeDataColor\":{\"ColorId\":1,\"Percent\":0}}}}},\"labelDisplayUnits\":{\"expr\":{\"Literal\":{\"Value\":\"1000000D\"}}}}}],\"y1AxisReferenceLine\":[{\"properties\":{\"show\":{\"expr\":{\"Literal\":{\"Value\":\"true\"}}},\"displayName\":{\"expr\":{\"Literal\":{\"Value\":\"'Constant line 1'\"}}},\"lineColor\":{\"solid\":{\"color\":{\"expr\":{\"ThemeDataColor\":{\"ColorId\":1,\"Percent\":0}}}}},\"style\":{\"expr\":{\"Literal\":{\"Value\":\"'solid'\"}}},\"width\":{\"expr\":{\"Literal\":{\"Value\":\"2D\"}}}},\"selector\":{\"id\":\"1\"}}],\"xAxisReferenceLine\":[{\"properties\":{\"show\":{\"expr\":{\"Literal\":{\"Value\":\"true\"}}},\"displayName\":{\"expr\":{\"Literal\":{\"Value\":\"'X-Axis Constant Line 1'\"}}},\"lineColor\":{\"solid\":{\"color\":{\"expr\":{\"ThemeDataColor\":{\"ColorId\":1,\"Percent\":0}}}}}},\"selector\":{\"id\":\"1\"}}]},\"vcObjects\":{\"visualHeader\":[{\"properties\":{\"showCopyVisualImageButton\":{\"expr\":{\"Literal\":{\"Value\":\"false\"}}},\"showFilterRestatementButton\":{\"expr\":{\"Literal\":{\"Value\":\"false\"}}},\"showFocusModeButton\":{\"expr\":{\"Literal\":{\"Value\":\"false\"}}},\"showPinButton\":{\"expr\":{\"Literal\":{\"Value\":\"false\"}}}}}],\"title\":[{\"properties\":{\"text\":{\"expr\":{\"Literal\":{\"Value\":\"'Amount by Top N Organization and Scenario'\"}}},\"fontFamily\":{\"expr\":{\"Literal\":{\"Value\":\"'''Segoe UI'', wf_segoe-ui_normal, helvetica, arial, sans-serif'\"}}},\"background\":{\"solid\":{\"color\":{\"expr\":{\"ThemeDataColor\":{\"ColorId\":0,\"Percent\":-0.2}}}}},\"alignment\":{\"expr\":{\"Literal\":{\"Value\":\"'center'\"}}},\"bold\":{\"expr\":{\"Literal\":{\"Value\":\"true\"}}}}}],\"border\":[{\"properties\":{\"show\":{\"expr\":{\"Literal\":{\"Value\":\"true\"}}}}}]}}}",
          "filters": "[{\"expression\":{\"Column\":{\"Expression\":{\"SourceRef\":{\"Entity\":\"dimorganization\"}},\"Property\":\"OrganizationName\"}},\"filter\":{\"Version\":2,\"From\":[{\"Name\":\"subquery\",\"Expression\":{\"Subquery\":{\"Query\":{\"Version\":2,\"From\":[{\"Name\":\"d2\",\"Entity\":\"dimorganization\",\"Type\":0},{\"Name\":\"f\",\"Entity\":\"factfinance\",\"Type\":0}],\"Select\":[{\"Column\":{\"Expression\":{\"SourceRef\":{\"Source\":\"d2\"}},\"Property\":\"OrganizationName\"},\"Name\":\"field\"}],\"OrderBy\":[{\"Direction\":2,\"Expression\":{\"Aggregation\":{\"Expression\":{\"Column\":{\"Expression\":{\"SourceRef\":{\"Source\":\"f\"}},\"Property\":\"Amount\"}},\"Function\":0}}}],\"Top\":5}}},\"Type\":2},{\"Name\":\"d2\",\"Entity\":\"dimorganization\",\"Type\":0}],\"Where\":[{\"Condition\":{\"In\":{\"Expressions\":[{\"Column\":{\"Expression\":{\"SourceRef\":{\"Source\":\"d2\"}},\"Property\":\"OrganizationName\"}}],\"Table\":{\"SourceRef\":{\"Source\":\"subquery\"}}}}}]},\"type\":\"TopN\",\"howCreated\":0,\"isHiddenInViewMode\":false}]",
          "height": 229.05,
          "width": 591.33,
          "x": 677.11,
          "y": 125.02,
          "z": 2000.00
        },
        {
          "config": "{\"name\":\"81a40936297fdc875691\",\"layouts\":[{\"id\":0,\"position\":{\"x\":440.7604562737642,\"y\":53.8403041825095,\"z\":6000,\"width\":210.79847908745245,\"height\":58.40304182509505,\"tabOrder\":5000}}],\"singleVisual\":{\"visualType\":\"slicer\",\"projections\":{\"Values\":[{\"queryRef\":\"dimscenario.ScenarioName\",\"active\":true}]},\"prototypeQuery\":{\"Version\":2,\"From\":[{\"Name\":\"d\",\"Entity\":\"dimscenario\",\"Type\":0}],\"Select\":[{\"Column\":{\"Expression\":{\"SourceRef\":{\"Source\":\"d\"}},\"Property\":\"ScenarioName\"},\"Name\":\"dimscenario.ScenarioName\",\"NativeReferenceName\":\"ScenarioName\"}]},\"drillFilterOtherVisuals\":true,\"objects\":{\"data\":[{\"properties\":{\"mode\":{\"expr\":{\"Literal\":{\"Value\":\"'Dropdown'\"}}}}}],\"header\":[{\"properties\":{\"textSize\":{\"expr\":{\"Literal\":{\"Value\":\"12D\"}}}}}],\"general\":[{\"properties\":{}}]},\"vcObjects\":{\"title\":[{\"properties\":{\"show\":{\"expr\":{\"Literal\":{\"Value\":\"true\"}}},\"bold\":{\"expr\":{\"Literal\":{\"Value\":\"true\"}}},\"alignment\":{\"expr\":{\"Literal\":{\"Value\":\"'center'\"}}}}}],\"border\":[{\"properties\":{\"show\":{\"expr\":{\"Literal\":{\"Value\":\"true\"}}}}}]}}}",
          "filters": "[]",
          "height": 58.40,
          "width": 210.80,
          "x": 440.76,
          "y": 53.84,
          "z": 6000.00
        },
        {
          "config": "{\"name\":\"9ef74977ded698725079\",\"layouts\":[{\"id\":0,\"position\":{\"x\":10.038022813688212,\"y\":125.0190114068441,\"z\":8000,\"width\":659.7718631178707,\"height\":229.04942965779466,\"tabOrder\":7000}}],\"singleVisual\":{\"visualType\":\"powerKPIMatrixEB2381CC88A8425FBEB1B07FF57784E6\",\"projections\":{\"actualValue\":[{\"queryRef\":\"Sum(factfinance.Amount)\"}],\"targetValue\":[{\"queryRef\":\"Max(factfinance.Amount)\"}],\"date\":[{\"queryRef\":\"dimdate.CalendarYear\"}],\"rowBasedMetricNameColumn\":[{\"queryRef\":\"dimscenario.ScenarioName\"}]},\"prototypeQuery\":{\"Version\":2,\"From\":[{\"Name\":\"f\",\"Entity\":\"factfinance\",\"Type\":0},{\"Name\":\"d\",\"Entity\":\"dimdate\",\"Type\":0},{\"Name\":\"d1\",\"Entity\":\"dimscenario\",\"Type\":0}],\"Select\":[{\"Aggregation\":{\"Expression\":{\"Column\":{\"Expression\":{\"SourceRef\":{\"Source\":\"f\"}},\"Property\":\"Amount\"}},\"Function\":0},\"Name\":\"Sum(factfinance.Amount)\",\"NativeReferenceName\":\"Sum of Amount\"},{\"Column\":{\"Expression\":{\"SourceRef\":{\"Source\":\"d\"}},\"Property\":\"CalendarYear\"},\"Name\":\"dimdate.CalendarYear\",\"NativeReferenceName\":\"CalendarYear\"},{\"Column\":{\"Expression\":{\"SourceRef\":{\"Source\":\"d1\"}},\"Property\":\"ScenarioName\"},\"Name\":\"dimscenario.ScenarioName\",\"NativeReferenceName\":\"ScenarioName\"},{\"Aggregation\":{\"Expression\":{\"Column\":{\"Expression\":{\"SourceRef\":{\"Source\":\"f\"}},\"Property\":\"Amount\"}},\"Function\":1},\"Name\":\"Max(factfinance.Amount)\",\"NativeReferenceName\":\"Average of Amount\"}]},\"drillFilterOtherVisuals\":true,\"objects\":{\"internalState\":[{\"properties\":{\"columnMapping\":{\"expr\":{\"Literal\":{\"Value\":\"'{\\\"Sum of Amount\\\":{}}'\"}}},\"settings\":{\"expr\":{\"Literal\":{\"Value\":\"'{\\\"Sum of Amount\\\":{\\\"asOfDate\\\":{\\\"isEnumerable\\\":false,\\\"order\\\":1,\\\"minOrder\\\":1,\\\"maxOrder\\\":10,\\\"show\\\":true,\\\"isShown\\\":true,\\\"backgroundColor\\\":null,\\\"label\\\":\\\"As of Date\\\",\\\"minImageSize\\\":5e-324,\\\"maxImageSize\\\":4096,\\\"isHyperlinkSpecified\\\":false,\\\"isImageSpecified\\\":false,\\\"fontSize\\\":\\\"8\\\",\\\"wrapText\\\":1,\\\"isBold\\\":false,\\\"isItalic\\\":false,\\\"isUnderlined\\\":false,\\\"fontFamily\\\":\\\"''Segoe UI'', wf_segoe-ui_normal, helvetica, arial, sans-serif\\\",\\\"alignment\\\":\\\"right\\\",\\\"verticalAlignment\\\":\\\"center\\\",\\\"shouldMatchKPIColor\\\":true,\\\"color\\\":\\\"#000\\\",\\\"format\\\":null,\\\"defaultFormat\\\":null,\\\"columnFormat\\\":\\\"0\\\",\\\"displayUnits\\\":0,\\\"precision\\\":null,\\\"textReplacement\\\":null,\\\"minPrecision\\\":0,\\\"maxPrecision\\\":17},\\\"metricName\\\":{\\\"isEnumerable\\\":false,\\\"order\\\":2,\\\"minOrder\\\":1,\\\"maxOrder\\\":10,\\\"show\\\":true,\\\"isShown\\\":true,\\\"backgroundColor\\\":null,\\\"label\\\":\\\"Metric Name\\\",\\\"minImageSize\\\":5e-324,\\\"maxImageSize\\\":4096,\\\"isHyperlinkSpecified\\\":false,\\\"isImageSpecified\\\":false,\\\"fontSize\\\":\\\"8\\\",\\\"wrapText\\\":1,\\\"isBold\\\":false,\\\"isItalic\\\":false,\\\"isUnderlined\\\":false,\\\"fontFamily\\\":\\\"''Segoe UI'', wf_segoe-ui_normal, helvetica, arial, sans-serif\\\",\\\"alignment\\\":\\\"left\\\",\\\"verticalAlignment\\\":\\\"center\\\",\\\"shouldMatchKPIColor\\\":true,\\\"color\\\":\\\"#000\\\",\\\"isExpandCollapseShown\\\":true},\\\"currentValue\\\":{\\\"isEnumerable\\\":false,\\\"order\\\":3,\\\"minOrder\\\":1,\\\"maxOrder\\\":10,\\\"show\\\":true,\\\"isShown\\\":true,\\\"backgroundColor\\\":null,\\\"label\\\":\\\"Current Value\\\",\\\"minImageSize\\\":5e-324,\\\"maxImageSize\\\":4096,\\\"isHyperlinkSpecified\\\":false,\\\"isImageSpecified\\\":false,\\\"fontSize\\\":\\\"8\\\",\\\"wrapText\\\":1,\\\"isBold\\\":false,\\\"isItalic\\\":false,\\\"isUnderlined\\\":false,\\\"fontFamily\\\":\\\"''Segoe UI'', wf_segoe-ui_normal, helvetica, arial, sans-serif\\\",\\\"alignment\\\":\\\"right\\\",\\\"verticalAlignment\\\":\\\"center\\\",\\\"shouldMatchKPIColor\\\":true,\\\"color\\\":\\\"#000\\\",\\\"format\\\":null,\\\"defaultFormat\\\":\\\"#,0.00\\\",\\\"displayUnits\\\":1,\\\"precision\\\":null,\\\"textReplacement\\\":null,\\\"minPrecision\\\":0,\\\"maxPrecision\\\":17,\\\"shouldTreatZeroValuesAsNulls\\\":true},\\\"kpiIndicator\\\":{\\\"isEnumerable\\\":false,\\\"isShown\\\":true,\\\"fontSize\\\":\\\"8\\\",\\\"shouldWrap\\\":false,\\\"horizontalPosition\\\":0,\\\"_maxAmountOfKPIs\\\":5,\\\"_default\\\":{\\\"color\\\":null,\\\"kpiIndex\\\":null,\\\"shape\\\":null},\\\"_colors\\\":[\\\"#01b7a8\\\",\\\"#f2c80f\\\",\\\"#fd625e\\\",\\\"#a66999\\\",\\\"#374649\\\"],\\\"_shapes\\\":[{\\\"name\\\":\\\"circle-full\\\",\\\"displayName\\\":\\\"Circle\\\"},{\\\"name\\\":\\\"triangle\\\",\\\"displayName\\\":\\\"Triangle\\\"},{\\\"name\\\":\\\"rhombus\\\",\\\"displayName\\\":\\\"Diamond\\\"},{\\\"name\\\":\\\"square\\\",\\\"displayName\\\":\\\"Square\\\"},{\\\"name\\\":\\\"flag\\\",\\\"displayName\\\":\\\"Flag\\\"},{\\\"name\\\":\\\"exclamation\\\",\\\"displayName\\\":\\\"Exclamation\\\"},{\\\"name\\\":\\\"checkmark\\\",\\\"displayName\\\":\\\"Checkmark\\\"},{\\\"name\\\":\\\"arrow-up\\\",\\\"displayName\\\":\\\"Arrow Up\\\"},{\\\"name\\\":\\\"arrow-right-up\\\",\\\"displayName\\\":\\\"Arrow Right Up\\\"},{\\\"name\\\":\\\"arrow-right-down\\\",\\\"displayName\\\":\\\"Arrow Right Down\\\"},{\\\"name\\\":\\\"arrow-down\\\",\\\"displayName\\\":\\\"Arrow Down\\\"},{\\\"name\\\":\\\"caret-up\\\",\\\"displayName\\\":\\\"Caret Up\\\"},{\\\"name\\\":\\\"caret-down\\\",\\\"displayName\\\":\\\"Caret Down\\\"},{\\\"name\\\":\\\"circle-empty\\\",\\\"displayName\\\":\\\"Circle Empty\\\"},{\\\"name\\\":\\\"circle-x\\\",\\\"displayName\\\":\\\"Circle X\\\"},{\\\"name\\\":\\\"circle-exclamation\\\",\\\"displayName\\\":\\\"Circle Exclamation\\\"},{\\\"name\\\":\\\"circle-checkmark\\\",\\\"displayName\\\":\\\"Circle Checkmark\\\"},{\\\"name\\\":\\\"x\\\",\\\"displayName\\\":\\\"X\\\"},{\\\"name\\\":\\\"star-empty\\\",\\\"displayName\\\":\\\"Star Empty\\\"},{\\\"name\\\":\\\"star-full\\\",\\\"displayName\\\":\\\"Star Full\\\"}],\\\"kpiIndexPropertyName\\\":\\\"kpiIndex\\\",\\\"_properties\\\":[{\\\"name\\\":\\\"color\\\"},{\\\"name\\\":\\\"shape\\\"},{\\\"name\\\":\\\"kpiIndex\\\"}],\\\"color_0\\\":\\\"#01b7a8\\\",\\\"shape_0\\\":\\\"circle-full\\\",\\\"kpiIndex_0\\\":1,\\\"color_1\\\":\\\"#f2c80f\\\",\\\"shape_1\\\":\\\"triangle\\\",\\\"kpiIndex_1\\\":2,\\\"color_2\\\":\\\"#fd625e\\\",\\\"shape_2\\\":\\\"rhombus\\\",\\\"kpiIndex_2\\\":3,\\\"color_3\\\":\\\"#a66999\\\",\\\"shape_3\\\":\\\"square\\\",\\\"kpiIndex_3\\\":4,\\\"color_4\\\":\\\"#374649\\\",\\\"shape_4\\\":\\\"flag\\\",\\\"kpiIndex_4\\\":5},\\\"kpiIndicatorValue\\\":{\\\"isEnumerable\\\":false,\\\"order\\\":4,\\\"minOrder\\\":1,\\\"maxOrder\\\":10,\\\"show\\\":true,\\\"isShown\\\":true,\\\"backgroundColor\\\":null,\\\"label\\\":\\\"KPI Status\\\",\\\"minImageSize\\\":5e-324,\\\"maxImageSize\\\":4096,\\\"isHyperlinkSpecified\\\":false,\\\"isImageSpecified\\\":false,\\\"fontSize\\\":\\\"8\\\",\\\"wrapText\\\":1,\\\"isBold\\\":false,\\\"isItalic\\\":false,\\\"isUnderlined\\\":false,\\\"isHyperlinkUnderlined\\\":true,\\\"fontFamily\\\":\\\"''Segoe UI'', wf_segoe-ui_normal, helvetica, arial, sans-serif\\\",\\\"alignment\\\":\\\"center\\\",\\\"verticalAlignment\\\":\\\"center\\\",\\\"shouldMatchKPIColor\\\":true,\\\"hyperlinkColor\\\":\\\"#0000EE\\\",\\\"format\\\":null,\\\"defaultFormat\\\":\\\"+0.00 %;-0.00 %;0.00 %\\\",\\\"displayUnits\\\":0,\\\"precision\\\":null,\\\"textReplacement\\\":null,\\\"minPrecision\\\":0,\\\"maxPrecision\\\":17,\\\"kpiColor\\\":null},\\\"comparisonValue\\\":{\\\"isEnumerable\\\":false,\\\"order\\\":5,\\\"minOrder\\\":1,\\\"maxOrder\\\":10,\\\"show\\\":true,\\\"isShown\\\":true,\\\"backgroundColor\\\":null,\\\"label\\\":\\\"Comparison Value\\\",\\\"minImageSize\\\":5e-324,\\\"maxImageSize\\\":4096,\\\"isHyperlinkSpecified\\\":false,\\\"isImageSpecified\\\":false,\\\"fontSize\\\":\\\"8\\\",\\\"wrapText\\\":1,\\\"isBold\\\":false,\\\"isItalic\\\":false,\\\"isUnderlined\\\":false,\\\"fontFamily\\\":\\\"''Segoe UI'', wf_segoe-ui_normal, helvetica, arial, sans-serif\\\",\\\"alignment\\\":\\\"right\\\",\\\"verticalAlignment\\\":\\\"center\\\",\\\"shouldMatchKPIColor\\\":true,\\\"color\\\":\\\"#000\\\",\\\"format\\\":null,\\\"defaultFormat\\\":\\\"#,0.00\\\",\\\"displayUnits\\\":1,\\\"precision\\\":null,\\\"textReplacement\\\":null,\\\"minPrecision\\\":0,\\\"maxPrecision\\\":17,\\\"shouldTreatZeroValuesAsNulls\\\":true},\\\"secondComparisonValue\\\":{\\\"isEnumerable\\\":false,\\\"order\\\":6,\\\"minOrder\\\":1,\\\"maxOrder\\\":10,\\\"show\\\":false,\\\"isShown\\\":true,\\\"backgroundColor\\\":null,\\\"label\\\":\\\"Second Comparison Value\\\",\\\"minImageSize\\\":5e-324,\\\"maxImageSize\\\":4096,\\\"isHyperlinkSpecified\\\":false,\\\"isImageSpecified\\\":false,\\\"fontSize\\\":\\\"8\\\",\\\"wrapText\\\":1,\\\"isBold\\\":false,\\\"isItalic\\\":false,\\\"isUnderlined\\\":false,\\\"fontFamily\\\":\\\"''Segoe UI'', wf_segoe-ui_normal, helvetica, arial, sans-serif\\\",\\\"alignment\\\":\\\"right\\\",\\\"verticalAlignment\\\":\\\"center\\\",\\\"shouldMatchKPIColor\\\":true,\\\"color\\\":\\\"#000\\\",\\\"format\\\":null,\\\"defaultFormat\\\":\\\"#,0.00\\\",\\\"displayUnits\\\":1,\\\"precision\\\":null,\\\"textReplacement\\\":null,\\\"minPrecision\\\":0,\\\"maxPrecision\\\":17,\\\"shouldTreatZeroValuesAsNulls\\\":true},\\\"secondKPIIndicatorValue\\\":{\\\"isEnumerable\\\":false,\\\"order\\\":7,\\\"minOrder\\\":1,\\\"maxOrder\\\":10,\\\"show\\\":false,\\\"isShown\\\":true,\\\"backgroundColor\\\":null,\\\"label\\\":\\\"Second KPI Status\\\",\\\"minImageSize\\\":5e-324,\\\"maxImageSize\\\":4096,\\\"isHyperlinkSpecified\\\":false,\\\"isImageSpecified\\\":false,\\\"fontSize\\\":\\\"8\\\",\\\"wrapText\\\":1,\\\"isBold\\\":false,\\\"isItalic\\\":false,\\\"isUnderlined\\\":false,\\\"isHyperlinkUnderlined\\\":true,\\\"fontFamily\\\":\\\"''Segoe UI'', wf_segoe-ui_normal, helvetica, arial, sans-serif\\\",\\\"alignment\\\":\\\"center\\\",\\\"verticalAlignment\\\":\\\"center\\\",\\\"shouldMatchKPIColor\\\":false,\\\"color\\\":\\\"#000\\\",\\\"hyperlinkColor\\\":\\\"#0000EE\\\",\\\"format\\\":null,\\\"defaultFormat\\\":\\\"+0.00 %;-0.00 %;0.00 %\\\",\\\"columnFormat\\\":null,\\\"displayUnits\\\":0,\\\"precision\\\":null,\\\"textReplacement\\\":null,\\\"minPrecision\\\":0,\\\"maxPrecision\\\":17,\\\"kpiColor\\\":null},\\\"sparklineSettings\\\":{\\\"isEnumerable\\\":false,\\\"order\\\":8,\\\"minOrder\\\":1,\\\"maxOrder\\\":10,\\\"show\\\":true,\\\"isShown\\\":true,\\\"backgroundColor\\\":null,\\\"label\\\":\\\"Sparklines\\\",\\\"isActualVisible\\\":true,\\\"actualColor\\\":\\\"#3599b8\\\",\\\"shouldActualUseKPIColors\\\":false,\\\"actualThickness\\\":2,\\\"actualLineStyle\\\":\\\"solidLine\\\",\\\"isTargetVisible\\\":false,\\\"targetColor\\\":\\\"#000000\\\",\\\"targetThickness\\\":1,\\\"targetLineStyle\\\":\\\"solidLine\\\",\\\"isSecondComparisonValueVisible\\\":false,\\\"secondComparisonValueColor\\\":\\\"#7d4f73\\\",\\\"secondComparisonValueThickness\\\":1,\\\"secondComparisonValueLineStyle\\\":\\\"solidLine\\\",\\\"shouldUseCommonScale\\\":false,\\\"yMin\\\":null,\\\"yMax\\\":null,\\\"verticalReferenceLineColor\\\":\\\"#666\\\",\\\"verticalReferenceLineThickness\\\":1,\\\"radiusFactor\\\":1.4,\\\"minThickness\\\":0.25,\\\"maxThickness\\\":10},\\\"metricSpecific\\\":{\\\"isEnumerable\\\":false,\\\"backgroundColor\\\":null,\\\"alternativeBackgroundColor\\\":\\\"rgb(239, 239, 239)\\\"}},\\\"Actual\\\":{\\\"asOfDate\\\":{\\\"isEnumerable\\\":false,\\\"order\\\":1,\\\"minOrder\\\":1,\\\"maxOrder\\\":10,\\\"show\\\":false,\\\"isShown\\\":true,\\\"backgroundColor\\\":null,\\\"label\\\":\\\"As of Date\\\",\\\"minImageSize\\\":5e-324,\\\"maxImageSize\\\":4096,\\\"isHyperlinkSpecified\\\":false,\\\"isImageSpecified\\\":false,\\\"fontSize\\\":\\\"8\\\",\\\"wrapText\\\":1,\\\"isBold\\\":false,\\\"isItalic\\\":false,\\\"isUnderlined\\\":false,\\\"fontFamily\\\":\\\"''Segoe UI'', wf_segoe-ui_normal, helvetica, arial, sans-serif\\\",\\\"alignment\\\":\\\"right\\\",\\\"verticalAlignment\\\":\\\"center\\\",\\\"shouldMatchKPIColor\\\":true,\\\"color\\\":\\\"#000\\\",\\\"format\\\":null,\\\"defaultFormat\\\":null,\\\"columnFormat\\\":\\\"0\\\",\\\"displayUnits\\\":0,\\\"precision\\\":null,\\\"textReplacement\\\":null,\\\"minPrecision\\\":0,\\\"maxPrecision\\\":17},\\\"metricName\\\":{\\\"isEnumerable\\\":false,\\\"order\\\":2,\\\"minOrder\\\":1,\\\"maxOrder\\\":10,\\\"show\\\":true,\\\"isShown\\\":true,\\\"backgroundColor\\\":null,\\\"label\\\":\\\"Metric Name\\\",\\\"minImageSize\\\":5e-324,\\\"maxImageSize\\\":4096,\\\"isHyperlinkSpecified\\\":false,\\\"isImageSpecified\\\":false,\\\"fontSize\\\":\\\"8\\\",\\\"wrapText\\\":1,\\\"isBold\\\":false,\\\"isItalic\\\":false,\\\"isUnderlined\\\":false,\\\"fontFamily\\\":\\\"''Segoe UI'', wf_segoe-ui_normal, helvetica, arial, sans-serif\\\",\\\"alignment\\\":\\\"left\\\",\\\"verticalAlignment\\\":\\\"center\\\",\\\"shouldMatchKPIColor\\\":true,\\\"color\\\":\\\"#000\\\",\\\"isExpandCollapseShown\\\":true},\\\"currentValue\\\":{\\\"isEnumerable\\\":false,\\\"order\\\":3,\\\"minOrder\\\":1,\\\"maxOrder\\\":10,\\\"show\\\":true,\\\"isShown\\\":true,\\\"backgroundColor\\\":null,\\\"label\\\":\\\"Current Value\\\",\\\"minImageSize\\\":5e-324,\\\"maxImageSize\\\":4096,\\\"isHyperlinkSpecified\\\":false,\\\"isImageSpecified\\\":false,\\\"fontSize\\\":\\\"8\\\",\\\"wrapText\\\":1,\\\"isBold\\\":false,\\\"isItalic\\\":false,\\\"isUnderlined\\\":false,\\\"fontFamily\\\":\\\"''Segoe UI'', wf_segoe-ui_normal, helvetica, arial, sans-serif\\\",\\\"alignment\\\":\\\"right\\\",\\\"verticalAlignment\\\":\\\"center\\\",\\\"shouldMatchKPIColor\\\":true,\\\"color\\\":\\\"#000\\\",\\\"format\\\":null,\\\"defaultFormat\\\":\\\"#,0.00\\\",\\\"displayUnits\\\":1,\\\"precision\\\":null,\\\"textReplacement\\\":null,\\\"minPrecision\\\":0,\\\"maxPrecision\\\":17,\\\"shouldTreatZeroValuesAsNulls\\\":true},\\\"kpiIndicator\\\":{\\\"isEnumerable\\\":false,\\\"isShown\\\":true,\\\"fontSize\\\":\\\"8\\\",\\\"shouldWrap\\\":false,\\\"horizontalPosition\\\":0,\\\"_maxAmountOfKPIs\\\":5,\\\"_default\\\":{\\\"color\\\":null,\\\"kpiIndex\\\":null,\\\"shape\\\":null},\\\"_colors\\\":[\\\"#01b7a8\\\",\\\"#f2c80f\\\",\\\"#fd625e\\\",\\\"#a66999\\\",\\\"#374649\\\"],\\\"_shapes\\\":[{\\\"name\\\":\\\"circle-full\\\",\\\"displayName\\\":\\\"Circle\\\"},{\\\"name\\\":\\\"triangle\\\",\\\"displayName\\\":\\\"Triangle\\\"},{\\\"name\\\":\\\"rhombus\\\",\\\"displayName\\\":\\\"Diamond\\\"},{\\\"name\\\":\\\"square\\\",\\\"displayName\\\":\\\"Square\\\"},{\\\"name\\\":\\\"flag\\\",\\\"displayName\\\":\\\"Flag\\\"},{\\\"name\\\":\\\"exclamation\\\",\\\"displayName\\\":\\\"Exclamation\\\"},{\\\"name\\\":\\\"checkmark\\\",\\\"displayName\\\":\\\"Checkmark\\\"},{\\\"name\\\":\\\"arrow-up\\\",\\\"displayName\\\":\\\"Arrow Up\\\"},{\\\"name\\\":\\\"arrow-right-up\\\",\\\"displayName\\\":\\\"Arrow Right Up\\\"},{\\\"name\\\":\\\"arrow-right-down\\\",\\\"displayName\\\":\\\"Arrow Right Down\\\"},{\\\"name\\\":\\\"arrow-down\\\",\\\"displayName\\\":\\\"Arrow Down\\\"},{\\\"name\\\":\\\"caret-up\\\",\\\"displayName\\\":\\\"Caret Up\\\"},{\\\"name\\\":\\\"caret-down\\\",\\\"displayName\\\":\\\"Caret Down\\\"},{\\\"name\\\":\\\"circle-empty\\\",\\\"displayName\\\":\\\"Circle Empty\\\"},{\\\"name\\\":\\\"circle-x\\\",\\\"displayName\\\":\\\"Circle X\\\"},{\\\"name\\\":\\\"circle-exclamation\\\",\\\"displayName\\\":\\\"Circle Exclamation\\\"},{\\\"name\\\":\\\"circle-checkmark\\\",\\\"displayName\\\":\\\"Circle Checkmark\\\"},{\\\"name\\\":\\\"x\\\",\\\"displayName\\\":\\\"X\\\"},{\\\"name\\\":\\\"star-empty\\\",\\\"displayName\\\":\\\"Star Empty\\\"},{\\\"name\\\":\\\"star-full\\\",\\\"displayName\\\":\\\"Star Full\\\"}],\\\"kpiIndexPropertyName\\\":\\\"kpiIndex\\\",\\\"_properties\\\":[{\\\"name\\\":\\\"color\\\"},{\\\"name\\\":\\\"shape\\\"},{\\\"name\\\":\\\"kpiIndex\\\"}],\\\"color_0\\\":\\\"#01b7a8\\\",\\\"shape_0\\\":\\\"circle-full\\\",\\\"kpiIndex_0\\\":1,\\\"color_1\\\":\\\"#f2c80f\\\",\\\"shape_1\\\":\\\"triangle\\\",\\\"kpiIndex_1\\\":2,\\\"color_2\\\":\\\"#fd625e\\\",\\\"shape_2\\\":\\\"rhombus\\\",\\\"kpiIndex_2\\\":3,\\\"color_3\\\":\\\"#a66999\\\",\\\"shape_3\\\":\\\"square\\\",\\\"kpiIndex_3\\\":4,\\\"color_4\\\":\\\"#374649\\\",\\\"shape_4\\\":\\\"flag\\\",\\\"kpiIndex_4\\\":5},\\\"kpiIndicatorValue\\\":{\\\"isEnumerable\\\":false,\\\"order\\\":4,\\\"minOrder\\\":1,\\\"maxOrder\\\":10,\\\"show\\\":true,\\\"isShown\\\":true,\\\"backgroundColor\\\":null,\\\"label\\\":\\\"KPI Status\\\",\\\"minImageSize\\\":5e-324,\\\"maxImageSize\\\":4096,\\\"isHyperlinkSpecified\\\":false,\\\"isImageSpecified\\\":false,\\\"fontSize\\\":\\\"8\\\",\\\"wrapText\\\":1,\\\"isBold\\\":false,\\\"isItalic\\\":false,\\\"isUnderlined\\\":false,\\\"isHyperlinkUnderlined\\\":true,\\\"fontFamily\\\":\\\"''Segoe UI'', wf_segoe-ui_normal, helvetica, arial, sans-serif\\\",\\\"alignment\\\":\\\"center\\\",\\\"verticalAlignment\\\":\\\"center\\\",\\\"shouldMatchKPIColor\\\":true,\\\"hyperlinkColor\\\":\\\"#0000EE\\\",\\\"format\\\":null,\\\"defaultFormat\\\":\\\"+0.00 %;-0.00 %;0.00 %\\\",\\\"displayUnits\\\":0,\\\"precision\\\":null,\\\"textReplacement\\\":null,\\\"minPrecision\\\":0,\\\"maxPrecision\\\":17,\\\"kpiColor\\\":null},\\\"comparisonValue\\\":{\\\"isEnumerable\\\":false,\\\"order\\\":5,\\\"minOrder\\\":1,\\\"maxOrder\\\":10,\\\"show\\\":true,\\\"isShown\\\":true,\\\"backgroundColor\\\":null,\\\"label\\\":\\\"Comparison Value\\\",\\\"minImageSize\\\":5e-324,\\\"maxImageSize\\\":4096,\\\"isHyperlinkSpecified\\\":false,\\\"isImageSpecified\\\":false,\\\"fontSize\\\":\\\"8\\\",\\\"wrapText\\\":1,\\\"isBold\\\":false,\\\"isItalic\\\":false,\\\"isUnderlined\\\":false,\\\"fontFamily\\\":\\\"''Segoe UI'', wf_segoe-ui_normal, helvetica, arial, sans-serif\\\",\\\"alignment\\\":\\\"right\\\",\\\"verticalAlignment\\\":\\\"center\\\",\\\"shouldMatchKPIColor\\\":true,\\\"color\\\":\\\"#000\\\",\\\"format\\\":null,\\\"defaultFormat\\\":\\\"#,0.00\\\",\\\"displayUnits\\\":1,\\\"precision\\\":null,\\\"textReplacement\\\":null,\\\"minPrecision\\\":0,\\\"maxPrecision\\\":17,\\\"shouldTreatZeroValuesAsNulls\\\":true},\\\"secondComparisonValue\\\":{\\\"isEnumerable\\\":false,\\\"order\\\":6,\\\"minOrder\\\":1,\\\"maxOrder\\\":10,\\\"show\\\":false,\\\"isShown\\\":true,\\\"backgroundColor\\\":null,\\\"label\\\":\\\"Second Comparison Value\\\",\\\"minImageSize\\\":5e-324,\\\"maxImageSize\\\":4096,\\\"isHyperlinkSpecified\\\":false,\\\"isImageSpecified\\\":false,\\\"fontSize\\\":\\\"8\\\",\\\"wrapText\\\":1,\\\"isBold\\\":false,\\\"isItalic\\\":false,\\\"isUnderlined\\\":false,\\\"fontFamily\\\":\\\"''Segoe UI'', wf_segoe-ui_normal, helvetica, arial, sans-serif\\\",\\\"alignment\\\":\\\"right\\\",\\\"verticalAlignment\\\":\\\"center\\\",\\\"shouldMatchKPIColor\\\":true,\\\"color\\\":\\\"#000\\\",\\\"format\\\":null,\\\"defaultFormat\\\":\\\"#,0.00\\\",\\\"displayUnits\\\":1,\\\"precision\\\":null,\\\"textReplacement\\\":null,\\\"minPrecision\\\":0,\\\"maxPrecision\\\":17,\\\"shouldTreatZeroValuesAsNulls\\\":true},\\\"secondKPIIndicatorValue\\\":{\\\"isEnumerable\\\":false,\\\"order\\\":7,\\\"minOrder\\\":1,\\\"maxOrder\\\":10,\\\"show\\\":false,\\\"isShown\\\":true,\\\"backgroundColor\\\":null,\\\"label\\\":\\\"Second KPI Status\\\",\\\"minImageSize\\\":5e-324,\\\"maxImageSize\\\":4096,\\\"isHyperlinkSpecified\\\":false,\\\"isImageSpecified\\\":false,\\\"fontSize\\\":\\\"8\\\",\\\"wrapText\\\":1,\\\"isBold\\\":false,\\\"isItalic\\\":false,\\\"isUnderlined\\\":false,\\\"isHyperlinkUnderlined\\\":true,\\\"fontFamily\\\":\\\"''Segoe UI'', wf_segoe-ui_normal, helvetica, arial, sans-serif\\\",\\\"alignment\\\":\\\"center\\\",\\\"verticalAlignment\\\":\\\"center\\\",\\\"shouldMatchKPIColor\\\":false,\\\"color\\\":\\\"#000\\\",\\\"hyperlinkColor\\\":\\\"#0000EE\\\",\\\"format\\\":null,\\\"defaultFormat\\\":\\\"+0.00 %;-0.00 %;0.00 %\\\",\\\"columnFormat\\\":null,\\\"displayUnits\\\":0,\\\"precision\\\":null,\\\"textReplacement\\\":null,\\\"minPrecision\\\":0,\\\"maxPrecision\\\":17,\\\"kpiColor\\\":null},\\\"sparklineSettings\\\":{\\\"isEnumerable\\\":false,\\\"order\\\":8,\\\"minOrder\\\":1,\\\"maxOrder\\\":10,\\\"show\\\":true,\\\"isShown\\\":true,\\\"backgroundColor\\\":null,\\\"label\\\":\\\"Sparklines\\\",\\\"isActualVisible\\\":true,\\\"actualColor\\\":\\\"#3599b8\\\",\\\"shouldActualUseKPIColors\\\":false,\\\"actualThickness\\\":2,\\\"actualLineStyle\\\":\\\"solidLine\\\",\\\"isTargetVisible\\\":false,\\\"targetColor\\\":\\\"#000000\\\",\\\"targetThickness\\\":1,\\\"targetLineStyle\\\":\\\"solidLine\\\",\\\"isSecondComparisonValueVisible\\\":false,\\\"secondComparisonValueColor\\\":\\\"#7d4f73\\\",\\\"secondComparisonValueThickness\\\":1,\\\"secondComparisonValueLineStyle\\\":\\\"solidLine\\\",\\\"shouldUseCommonScale\\\":false,\\\"yMin\\\":null,\\\"yMax\\\":null,\\\"verticalReferenceLineColor\\\":\\\"#666\\\",\\\"verticalReferenceLineThickness\\\":1,\\\"radiusFactor\\\":1.4,\\\"minThickness\\\":0.25,\\\"maxThickness\\\":10},\\\"metricSpecific\\\":{\\\"isEnumerable\\\":false,\\\"backgroundColor\\\":null,\\\"alternativeBackgroundColor\\\":\\\"rgb(239, 239, 239)\\\"}},\\\"Budget\\\":{\\\"asOfDate\\\":{\\\"isEnumerable\\\":false,\\\"order\\\":1,\\\"minOrder\\\":1,\\\"maxOrder\\\":10,\\\"show\\\":false,\\\"isShown\\\":true,\\\"backgroundColor\\\":null,\\\"label\\\":\\\"As of Date\\\",\\\"minImageSize\\\":5e-324,\\\"maxImageSize\\\":4096,\\\"isHyperlinkSpecified\\\":false,\\\"isImageSpecified\\\":false,\\\"fontSize\\\":\\\"8\\\",\\\"wrapText\\\":1,\\\"isBold\\\":false,\\\"isItalic\\\":false,\\\"isUnderlined\\\":false,\\\"fontFamily\\\":\\\"''Segoe UI'', wf_segoe-ui_normal, helvetica, arial, sans-serif\\\",\\\"alignment\\\":\\\"right\\\",\\\"verticalAlignment\\\":\\\"center\\\",\\\"shouldMatchKPIColor\\\":true,\\\"color\\\":\\\"#000\\\",\\\"format\\\":null,\\\"defaultFormat\\\":null,\\\"columnFormat\\\":\\\"0\\\",\\\"displayUnits\\\":0,\\\"precision\\\":null,\\\"textReplacement\\\":null,\\\"minPrecision\\\":0,\\\"maxPrecision\\\":17},\\\"metricName\\\":{\\\"isEnumerable\\\":false,\\\"order\\\":2,\\\"minOrder\\\":1,\\\"maxOrder\\\":10,\\\"show\\\":true,\\\"isShown\\\":true,\\\"backgroundColor\\\":null,\\\"label\\\":\\\"Metric Name\\\",\\\"minImageSize\\\":5e-324,\\\"maxImageSize\\\":4096,\\\"isHyperlinkSpecified\\\":false,\\\"isImageSpecified\\\":false,\\\"fontSize\\\":\\\"8\\\",\\\"wrapText\\\":1,\\\"isBold\\\":false,\\\"isItalic\\\":false,\\\"isUnderlined\\\":false,\\\"fontFamily\\\":\\\"''Segoe UI'', wf_segoe-ui_normal, helvetica, arial, sans-serif\\\",\\\"alignment\\\":\\\"left\\\",\\\"verticalAlignment\\\":\\\"center\\\",\\\"shouldMatchKPIColor\\\":true,\\\"color\\\":\\\"#000\\\",\\\"isExpandCollapseShown\\\":true},\\\"currentValue\\\":{\\\"isEnumerable\\\":false,\\\"order\\\":3,\\\"minOrder\\\":1,\\\"maxOrder\\\":10,\\\"show\\\":true,\\\"isShown\\\":true,\\\"backgroundColor\\\":null,\\\"label\\\":\\\"Current Value\\\",\\\"minImageSize\\\":5e-324,\\\"maxImageSize\\\":4096,\\\"isHyperlinkSpecified\\\":false,\\\"isImageSpecified\\\":false,\\\"fontSize\\\":\\\"8\\\",\\\"wrapText\\\":1,\\\"isBold\\\":false,\\\"isItalic\\\":false,\\\"isUnderlined\\\":false,\\\"fontFamily\\\":\\\"''Segoe UI'', wf_segoe-ui_normal, helvetica, arial, sans-serif\\\",\\\"alignment\\\":\\\"right\\\",\\\"verticalAlignment\\\":\\\"center\\\",\\\"shouldMatchKPIColor\\\":true,\\\"color\\\":\\\"#000\\\",\\\"format\\\":null,\\\"defaultFormat\\\":\\\"#,0.00\\\",\\\"displayUnits\\\":1,\\\"precision\\\":null,\\\"textReplacement\\\":null,\\\"minPrecision\\\":0,\\\"maxPrecision\\\":17,\\\"shouldTreatZeroValuesAsNulls\\\":true},\\\"kpiIndicator\\\":{\\\"isEnumerable\\\":false,\\\"isShown\\\":true,\\\"fontSize\\\":\\\"8\\\",\\\"shouldWrap\\\":false,\\\"horizontalPosition\\\":0,\\\"_maxAmountOfKPIs\\\":5,\\\"_default\\\":{\\\"color\\\":null,\\\"kpiIndex\\\":null,\\\"shape\\\":null},\\\"_colors\\\":[\\\"#01b7a8\\\",\\\"#f2c80f\\\",\\\"#fd625e\\\",\\\"#a66999\\\",\\\"#374649\\\"],\\\"_shapes\\\":[{\\\"name\\\":\\\"circle-full\\\",\\\"displayName\\\":\\\"Circle\\\"},{\\\"name\\\":\\\"triangle\\\",\\\"displayName\\\":\\\"Triangle\\\"},{\\\"name\\\":\\\"rhombus\\\",\\\"displayName\\\":\\\"Diamond\\\"},{\\\"name\\\":\\\"square\\\",\\\"displayName\\\":\\\"Square\\\"},{\\\"name\\\":\\\"flag\\\",\\\"displayName\\\":\\\"Flag\\\"},{\\\"name\\\":\\\"exclamation\\\",\\\"displayName\\\":\\\"Exclamation\\\"},{\\\"name\\\":\\\"checkmark\\\",\\\"displayName\\\":\\\"Checkmark\\\"},{\\\"name\\\":\\\"arrow-up\\\",\\\"displayName\\\":\\\"Arrow Up\\\"},{\\\"name\\\":\\\"arrow-right-up\\\",\\\"displayName\\\":\\\"Arrow Right Up\\\"},{\\\"name\\\":\\\"arrow-right-down\\\",\\\"displayName\\\":\\\"Arrow Right Down\\\"},{\\\"name\\\":\\\"arrow-down\\\",\\\"displayName\\\":\\\"Arrow Down\\\"},{\\\"name\\\":\\\"caret-up\\\",\\\"displayName\\\":\\\"Caret Up\\\"},{\\\"name\\\":\\\"caret-down\\\",\\\"displayName\\\":\\\"Caret Down\\\"},{\\\"name\\\":\\\"circle-empty\\\",\\\"displayName\\\":\\\"Circle Empty\\\"},{\\\"name\\\":\\\"circle-x\\\",\\\"displayName\\\":\\\"Circle X\\\"},{\\\"name\\\":\\\"circle-exclamation\\\",\\\"displayName\\\":\\\"Circle Exclamation\\\"},{\\\"name\\\":\\\"circle-checkmark\\\",\\\"displayName\\\":\\\"Circle Checkmark\\\"},{\\\"name\\\":\\\"x\\\",\\\"displayName\\\":\\\"X\\\"},{\\\"name\\\":\\\"star-empty\\\",\\\"displayName\\\":\\\"Star Empty\\\"},{\\\"name\\\":\\\"star-full\\\",\\\"displayName\\\":\\\"Star Full\\\"}],\\\"kpiIndexPropertyName\\\":\\\"kpiIndex\\\",\\\"_properties\\\":[{\\\"name\\\":\\\"color\\\"},{\\\"name\\\":\\\"shape\\\"},{\\\"name\\\":\\\"kpiIndex\\\"}],\\\"color_0\\\":\\\"#01b7a8\\\",\\\"shape_0\\\":\\\"circle-full\\\",\\\"kpiIndex_0\\\":1,\\\"color_1\\\":\\\"#f2c80f\\\",\\\"shape_1\\\":\\\"triangle\\\",\\\"kpiIndex_1\\\":2,\\\"color_2\\\":\\\"#fd625e\\\",\\\"shape_2\\\":\\\"rhombus\\\",\\\"kpiIndex_2\\\":3,\\\"color_3\\\":\\\"#a66999\\\",\\\"shape_3\\\":\\\"square\\\",\\\"kpiIndex_3\\\":4,\\\"color_4\\\":\\\"#374649\\\",\\\"shape_4\\\":\\\"flag\\\",\\\"kpiIndex_4\\\":5},\\\"kpiIndicatorValue\\\":{\\\"isEnumerable\\\":false,\\\"order\\\":4,\\\"minOrder\\\":1,\\\"maxOrder\\\":10,\\\"show\\\":true,\\\"isShown\\\":true,\\\"backgroundColor\\\":null,\\\"label\\\":\\\"KPI Status\\\",\\\"minImageSize\\\":5e-324,\\\"maxImageSize\\\":4096,\\\"isHyperlinkSpecified\\\":false,\\\"isImageSpecified\\\":false,\\\"fontSize\\\":\\\"8\\\",\\\"wrapText\\\":1,\\\"isBold\\\":false,\\\"isItalic\\\":false,\\\"isUnderlined\\\":false,\\\"isHyperlinkUnderlined\\\":true,\\\"fontFamily\\\":\\\"''Segoe UI'', wf_segoe-ui_normal, helvetica, arial, sans-serif\\\",\\\"alignment\\\":\\\"center\\\",\\\"verticalAlignment\\\":\\\"center\\\",\\\"shouldMatchKPIColor\\\":true,\\\"hyperlinkColor\\\":\\\"#0000EE\\\",\\\"format\\\":null,\\\"defaultFormat\\\":\\\"+0.00 %;-0.00 %;0.00 %\\\",\\\"displayUnits\\\":0,\\\"precision\\\":null,\\\"textReplacement\\\":null,\\\"minPrecision\\\":0,\\\"maxPrecision\\\":17,\\\"kpiColor\\\":null},\\\"comparisonValue\\\":{\\\"isEnumerable\\\":false,\\\"order\\\":5,\\\"minOrder\\\":1,\\\"maxOrder\\\":10,\\\"show\\\":true,\\\"isShown\\\":true,\\\"backgroundColor\\\":null,\\\"label\\\":\\\"Comparison Value\\\",\\\"minImageSize\\\":5e-324,\\\"maxImageSize\\\":4096,\\\"isHyperlinkSpecified\\\":false,\\\"isImageSpecified\\\":false,\\\"fontSize\\\":\\\"8\\\",\\\"wrapText\\\":1,\\\"isBold\\\":false,\\\"isItalic\\\":false,\\\"isUnderlined\\\":false,\\\"fontFamily\\\":\\\"''Segoe UI'', wf_segoe-ui_normal, helvetica, arial, sans-serif\\\",\\\"alignment\\\":\\\"right\\\",\\\"verticalAlignment\\\":\\\"center\\\",\\\"shouldMatchKPIColor\\\":true,\\\"color\\\":\\\"#000\\\",\\\"format\\\":null,\\\"defaultFormat\\\":\\\"#,0.00\\\",\\\"displayUnits\\\":1,\\\"precision\\\":null,\\\"textReplacement\\\":null,\\\"minPrecision\\\":0,\\\"maxPrecision\\\":17,\\\"shouldTreatZeroValuesAsNulls\\\":true},\\\"secondComparisonValue\\\":{\\\"isEnumerable\\\":false,\\\"order\\\":6,\\\"minOrder\\\":1,\\\"maxOrder\\\":10,\\\"show\\\":false,\\\"isShown\\\":true,\\\"backgroundColor\\\":null,\\\"label\\\":\\\"Second Comparison Value\\\",\\\"minImageSize\\\":5e-324,\\\"maxImageSize\\\":4096,\\\"isHyperlinkSpecified\\\":false,\\\"isImageSpecified\\\":false,\\\"fontSize\\\":\\\"8\\\",\\\"wrapText\\\":1,\\\"isBold\\\":false,\\\"isItalic\\\":false,\\\"isUnderlined\\\":false,\\\"fontFamily\\\":\\\"''Segoe UI'', wf_segoe-ui_normal, helvetica, arial, sans-serif\\\",\\\"alignment\\\":\\\"right\\\",\\\"verticalAlignment\\\":\\\"center\\\",\\\"shouldMatchKPIColor\\\":true,\\\"color\\\":\\\"#000\\\",\\\"format\\\":null,\\\"defaultFormat\\\":\\\"#,0.00\\\",\\\"displayUnits\\\":1,\\\"precision\\\":null,\\\"textReplacement\\\":null,\\\"minPrecision\\\":0,\\\"maxPrecision\\\":17,\\\"shouldTreatZeroValuesAsNulls\\\":true},\\\"secondKPIIndicatorValue\\\":{\\\"isEnumerable\\\":false,\\\"order\\\":7,\\\"minOrder\\\":1,\\\"maxOrder\\\":10,\\\"show\\\":false,\\\"isShown\\\":true,\\\"backgroundColor\\\":null,\\\"label\\\":\\\"Second KPI Status\\\",\\\"minImageSize\\\":5e-324,\\\"maxImageSize\\\":4096,\\\"isHyperlinkSpecified\\\":false,\\\"isImageSpecified\\\":false,\\\"fontSize\\\":\\\"8\\\",\\\"wrapText\\\":1,\\\"isBold\\\":false,\\\"isItalic\\\":false,\\\"isUnderlined\\\":false,\\\"isHyperlinkUnderlined\\\":true,\\\"fontFamily\\\":\\\"''Segoe UI'', wf_segoe-ui_normal, helvetica, arial, sans-serif\\\",\\\"alignment\\\":\\\"center\\\",\\\"verticalAlignment\\\":\\\"center\\\",\\\"shouldMatchKPIColor\\\":false,\\\"color\\\":\\\"#000\\\",\\\"hyperlinkColor\\\":\\\"#0000EE\\\",\\\"format\\\":null,\\\"defaultFormat\\\":\\\"+0.00 %;-0.00 %;0.00 %\\\",\\\"columnFormat\\\":null,\\\"displayUnits\\\":0,\\\"precision\\\":null,\\\"textReplacement\\\":null,\\\"minPrecision\\\":0,\\\"maxPrecision\\\":17,\\\"kpiColor\\\":null},\\\"sparklineSettings\\\":{\\\"isEnumerable\\\":false,\\\"order\\\":8,\\\"minOrder\\\":1,\\\"maxOrder\\\":10,\\\"show\\\":true,\\\"isShown\\\":true,\\\"backgroundColor\\\":null,\\\"label\\\":\\\"Sparklines\\\",\\\"isActualVisible\\\":true,\\\"actualColor\\\":\\\"#3599b8\\\",\\\"shouldActualUseKPIColors\\\":false,\\\"actualThickness\\\":2,\\\"actualLineStyle\\\":\\\"solidLine\\\",\\\"isTargetVisible\\\":false,\\\"targetColor\\\":\\\"#000000\\\",\\\"targetThickness\\\":1,\\\"targetLineStyle\\\":\\\"solidLine\\\",\\\"isSecondComparisonValueVisible\\\":false,\\\"secondComparisonValueColor\\\":\\\"#7d4f73\\\",\\\"secondComparisonValueThickness\\\":1,\\\"secondComparisonValueLineStyle\\\":\\\"solidLine\\\",\\\"shouldUseCommonScale\\\":false,\\\"yMin\\\":null,\\\"yMax\\\":null,\\\"verticalReferenceLineColor\\\":\\\"#666\\\",\\\"verticalReferenceLineThickness\\\":1,\\\"radiusFactor\\\":1.4,\\\"minThickness\\\":0.25,\\\"maxThickness\\\":10},\\\"metricSpecific\\\":{\\\"isEnumerable\\\":false,\\\"backgroundColor\\\":null,\\\"alternativeBackgroundColor\\\":\\\"rgb(239, 239, 239)\\\"}}}'\"}}},\"table\":{\"expr\":{\"Literal\":{\"Value\":\"'{}'\"}}}}}],\"asOfDate\":[{\"properties\":{\"show\":{\"expr\":{\"Literal\":{\"Value\":\"false\"}}}}}],\"header\":[{\"properties\":{\"fontSize\":{\"expr\":{\"Literal\":{\"Value\":\"10D\"}}},\"backgroundColor\":{\"solid\":{\"color\":{\"expr\":{\"ThemeDataColor\":{\"ColorId\":4,\"Percent\":0}}}}}}}]},\"vcObjects\":{\"title\":[{\"properties\":{\"text\":{\"expr\":{\"Literal\":{\"Value\":\"'KPI Indicator'\"}}},\"fontFamily\":{\"expr\":{\"Literal\":{\"Value\":\"'''Segoe UI'', wf_segoe-ui_normal, helvetica, arial, sans-serif'\"}}},\"bold\":{\"expr\":{\"Literal\":{\"Value\":\"true\"}}},\"background\":{\"solid\":{\"color\":{\"expr\":{\"Literal\":{\"Value\":\"'#cccccc'\"}}}}},\"alignment\":{\"expr\":{\"Literal\":{\"Value\":\"'center'\"}}}}}],\"background\":[{\"properties\":{\"color\":{\"solid\":{\"color\":{\"expr\":{\"ThemeDataColor\":{\"ColorId\":0,\"Percent\":0}}}}}}}],\"border\":[{\"properties\":{\"show\":{\"expr\":{\"Literal\":{\"Value\":\"true\"}}}}}]}}}",
          "filters": "[]",
          "height": 229.05,
          "width": 659.77,
          "x": 10.04,
          "y": 125.02,
          "z": 8000.00
        },
        {
          "config": "{\"name\":\"af4cd60e40d08a02c837\",\"layouts\":[{\"id\":0,\"position\":{\"x\":863.2699619771862,\"y\":53.8403041825095,\"z\":10000,\"width\":204.41064638783268,\"height\":58.40304182509505,\"tabOrder\":9000}}],\"singleVisual\":{\"visualType\":\"card\",\"projections\":{\"Values\":[{\"queryRef\":\"Sum(factfinance.Amount)\"}]},\"prototypeQuery\":{\"Version\":2,\"From\":[{\"Name\":\"f\",\"Entity\":\"factfinance\",\"Type\":0}],\"Select\":[{\"Aggregation\":{\"Expression\":{\"Column\":{\"Expression\":{\"SourceRef\":{\"Source\":\"f\"}},\"Property\":\"Amount\"}},\"Function\":0},\"Name\":\"Sum(factfinance.Amount)\",\"NativeReferenceName\":\"Sum of Amount\"}],\"OrderBy\":[{\"Direction\":2,\"Expression\":{\"Aggregation\":{\"Expression\":{\"Column\":{\"Expression\":{\"SourceRef\":{\"Source\":\"f\"}},\"Property\":\"Amount\"}},\"Function\":0}}}]},\"drillFilterOtherVisuals\":true,\"hasDefaultSort\":true,\"objects\":{\"labels\":[{\"properties\":{\"fontSize\":{\"expr\":{\"Literal\":{\"Value\":\"15D\"}}},\"labelDisplayUnits\":{\"expr\":{\"Literal\":{\"Value\":\"1000000D\"}}},\"bold\":{\"expr\":{\"Literal\":{\"Value\":\"true\"}}},\"fontFamily\":{\"expr\":{\"Literal\":{\"Value\":\"'''Segoe UI'', wf_segoe-ui_normal, helvetica, arial, sans-serif'\"}}}}}],\"categoryLabels\":[{\"properties\":{\"show\":{\"expr\":{\"Literal\":{\"Value\":\"true\"}}},\"fontSize\":{\"expr\":{\"Literal\":{\"Value\":\"9D\"}}}}}]},\"vcObjects\":{\"background\":[{\"properties\":{\"color\":{\"solid\":{\"color\":{\"expr\":{\"ThemeDataColor\":{\"ColorId\":8,\"Percent\":0.6}}}}}}}],\"border\":[{\"properties\":{\"show\":{\"expr\":{\"Literal\":{\"Value\":\"true\"}}}}}]}}}",
          "filters": "[]",
          "height": 58.40,
          "width": 204.41,
          "x": 863.27,
          "y": 53.84,
          "z": 10000.00
        },
        {
          "config": "{\"name\":\"b6a8cca6d06cb9650c23\",\"layouts\":[{\"id\":0,\"position\":{\"x\":11.863117870722432,\"y\":1.8250950570342204,\"z\":3000,\"width\":1256.5779467680607,\"height\":52.01520912547528,\"tabOrder\":2000}}],\"singleVisual\":{\"visualType\":\"textbox\",\"drillFilterOtherVisuals\":true,\"objects\":{\"general\":[{\"properties\":{\"paragraphs\":[{\"textRuns\":[{\"value\":\"Finance Dashboard\",\"textStyle\":{\"fontWeight\":\"bold\",\"fontSize\":\"18pt\",\"color\":\"#e66c37\"}}],\"horizontalTextAlignment\":\"center\"}]}}]},\"vcObjects\":{\"title\":[{\"properties\":{\"show\":{\"expr\":{\"Literal\":{\"Value\":\"true\"}}},\"background\":{\"solid\":{\"color\":{\"expr\":{\"ThemeDataColor\":{\"ColorId\":0,\"Percent\":-0.2}}}}}}}],\"background\":[{\"properties\":{\"color\":{\"solid\":{\"color\":{\"expr\":{\"ThemeDataColor\":{\"ColorId\":0,\"Percent\":-0.1}}}}}}}],\"border\":[{\"properties\":{\"show\":{\"expr\":{\"Literal\":{\"Value\":\"true\"}}}}}]}}}",
          "filters": "[]",
          "height": 52.02,
          "width": 1256.58,
          "x": 11.86,
          "y": 1.83,
          "z": 3000.00
        },
        {
          "config": "{\"name\":\"d2ec93936acc82bae18d\",\"layouts\":[{\"id\":0,\"position\":{\"x\":1071.3307984790874,\"y\":54.75285171102661,\"z\":11000,\"width\":197.1102661596958,\"height\":57.49049429657794,\"tabOrder\":10000}}],\"singleVisual\":{\"visualType\":\"card\",\"projections\":{\"Values\":[{\"queryRef\":\"Sum(factfinance.Amount)\"}]},\"prototypeQuery\":{\"Version\":2,\"From\":[{\"Name\":\"f\",\"Entity\":\"factfinance\",\"Type\":0}],\"Select\":[{\"Aggregation\":{\"Expression\":{\"Column\":{\"Expression\":{\"SourceRef\":{\"Source\":\"f\"}},\"Property\":\"Amount\"}},\"Function\":0},\"Name\":\"Sum(factfinance.Amount)\",\"NativeReferenceName\":\"Sum of Amount\"}],\"OrderBy\":[{\"Direction\":2,\"Expression\":{\"Aggregation\":{\"Expression\":{\"Column\":{\"Expression\":{\"SourceRef\":{\"Source\":\"f\"}},\"Property\":\"Amount\"}},\"Function\":0}}}]},\"drillFilterOtherVisuals\":true,\"hasDefaultSort\":true,\"objects\":{\"labels\":[{\"properties\":{\"fontSize\":{\"expr\":{\"Literal\":{\"Value\":\"15D\"}}},\"labelDisplayUnits\":{\"expr\":{\"Literal\":{\"Value\":\"1000000D\"}}},\"bold\":{\"expr\":{\"Literal\":{\"Value\":\"true\"}}},\"fontFamily\":{\"expr\":{\"Literal\":{\"Value\":\"'''Segoe UI'', wf_segoe-ui_normal, helvetica, arial, sans-serif'\"}}}}}],\"categoryLabels\":[{\"properties\":{\"show\":{\"expr\":{\"Literal\":{\"Value\":\"true\"}}},\"fontSize\":{\"expr\":{\"Literal\":{\"Value\":\"9D\"}}}}}]},\"vcObjects\":{\"background\":[{\"properties\":{\"color\":{\"solid\":{\"color\":{\"expr\":{\"ThemeDataColor\":{\"ColorId\":8,\"Percent\":0.6}}}}}}}],\"border\":[{\"properties\":{\"show\":{\"expr\":{\"Literal\":{\"Value\":\"true\"}}}}}]}}}",
          "filters": "[]",
          "height": 57.49,
          "width": 197.11,
          "x": 1071.33,
          "y": 54.75,
          "z": 11000.00
        },
        {
          "config": "{\"name\":\"dc9b93ff06cbc9936f9e\",\"layouts\":[{\"id\":0,\"position\":{\"x\":10.038022813688212,\"y\":360.4562737642585,\"z\":1000,\"width\":659.7718631178707,\"height\":346.7680608365019,\"tabOrder\":0}}],\"singleVisual\":{\"visualType\":\"donutChart\",\"projections\":{\"Y\":[{\"queryRef\":\"Count(factfinance)\"}],\"Category\":[{\"queryRef\":\"dimdepartmentgroup.DepartmentGroupName\",\"active\":true}]},\"prototypeQuery\":{\"Version\":2,\"From\":[{\"Name\":\"f\",\"Entity\":\"factfinance\",\"Type\":0},{\"Name\":\"d\",\"Entity\":\"dimdepartmentgroup\",\"Type\":0}],\"Select\":[{\"Aggregation\":{\"Expression\":{\"SourceRef\":{\"Source\":\"f\"}},\"Function\":2},\"Name\":\"Count(factfinance)\",\"NativeReferenceName\":\"Count of factfinance\"},{\"Column\":{\"Expression\":{\"SourceRef\":{\"Source\":\"d\"}},\"Property\":\"DepartmentGroupName\"},\"Name\":\"dimdepartmentgroup.DepartmentGroupName\",\"NativeReferenceName\":\"Department Name\"}],\"OrderBy\":[{\"Direction\":2,\"Expression\":{\"Aggregation\":{\"Expression\":{\"SourceRef\":{\"Source\":\"f\"}},\"Function\":2}}}]},\"columnProperties\":{\"Count(factfinance)\":{\"displayName\":\"Count of factfinance\"},\"dimdepartmentgroup.DepartmentGroupName\":{\"displayName\":\"Department Name\"}},\"drillFilterOtherVisuals\":true,\"hasDefaultSort\":true,\"objects\":{\"labels\":[{\"properties\":{\"show\":{\"expr\":{\"Literal\":{\"Value\":\"false\"}}}}}],\"dataPoint\":[{\"properties\":{\"fill\":{\"solid\":{\"color\":{\"expr\":{\"ThemeDataColor\":{\"ColorId\":3,\"Percent\":0}}}}}},\"selector\":{\"metadata\":\"Count(factfinance)\"}}],\"legend\":[{\"properties\":{\"position\":{\"expr\":{\"Literal\":{\"Value\":\"'RightCenter'\"}}}}}]},\"vcObjects\":{\"visualHeader\":[{\"properties\":{\"showCopyVisualImageButton\":{\"expr\":{\"Literal\":{\"Value\":\"false\"}}},\"showFilterRestatementButton\":{\"expr\":{\"Literal\":{\"Value\":\"false\"}}},\"showFocusModeButton\":{\"expr\":{\"Literal\":{\"Value\":\"false\"}}},\"showPinButton\":{\"expr\":{\"Literal\":{\"Value\":\"false\"}}}}}],\"title\":[{\"properties\":{\"text\":{\"expr\":{\"Literal\":{\"Value\":\"'Amount By Department'\"}}},\"fontFamily\":{\"expr\":{\"Literal\":{\"Value\":\"'''Segoe UI'', wf_segoe-ui_normal, helvetica, arial, sans-serif'\"}}},\"bold\":{\"expr\":{\"Literal\":{\"Value\":\"true\"}}},\"background\":{\"solid\":{\"color\":{\"expr\":{\"Literal\":{\"Value\":\"'#cccccc'\"}}}}},\"alignment\":{\"expr\":{\"Literal\":{\"Value\":\"'center'\"}}}}}],\"border\":[{\"properties\":{\"show\":{\"expr\":{\"Literal\":{\"Value\":\"true\"}}}}}]}}}",
          "filters": "[]",
          "height": 346.77,
          "width": 659.77,
          "x": 10.04,
          "y": 360.46,
          "z": 1000.00
        },
        {
          "config": "{\"name\":\"ea411eef52f9fad1c9f1\",\"layouts\":[{\"id\":0,\"position\":{\"x\":10.950570342205323,\"y\":105.85551330798478,\"z\":0,\"width\":1257.490494296578,\"height\":25.551330798479086,\"tabOrder\":-1000}}],\"singleVisual\":{\"visualType\":\"shape\",\"drillFilterOtherVisuals\":true,\"objects\":{\"outline\":[{\"properties\":{\"lineColor\":{\"solid\":{\"color\":{\"expr\":{\"ThemeDataColor\":{\"ColorId\":0,\"Percent\":-0.1}}}}},\"weight\":{\"expr\":{\"Literal\":{\"Value\":\"1M\"}}}},\"selector\":{\"id\":\"default\"}}],\"rotation\":[{\"properties\":{\"shapeAngle\":{\"expr\":{\"Literal\":{\"Value\":\"0L\"}}}}}],\"shape\":[{\"properties\":{\"tileShape\":{\"expr\":{\"Literal\":{\"Value\":\"'line'\"}}}}}]},\"vcObjects\":{\"background\":[{\"properties\":{\"show\":{\"expr\":{\"Literal\":{\"Value\":\"false\"}}}}}],\"title\":[{\"properties\":{\"show\":{\"expr\":{\"Literal\":{\"Value\":\"false\"}}}}}]}}}",
          "filters": "[]",
          "height": 25.55,
          "width": 1257.49,
          "x": 10.95,
          "y": 105.86,
          "z": 0.00
        },
        {
          "config": "{\"name\":\"feb65af516e1d931155c\",\"layouts\":[{\"id\":0,\"position\":{\"x\":656.1216730038022,\"y\":53.8403041825095,\"z\":9000,\"width\":204.41064638783268,\"height\":58.40304182509505,\"tabOrder\":8000}}],\"singleVisual\":{\"visualType\":\"card\",\"projections\":{\"Values\":[{\"queryRef\":\"Sum(factfinance.Amount)\"}]},\"prototypeQuery\":{\"Version\":2,\"From\":[{\"Name\":\"f\",\"Entity\":\"factfinance\",\"Type\":0}],\"Select\":[{\"Aggregation\":{\"Expression\":{\"Column\":{\"Expression\":{\"SourceRef\":{\"Source\":\"f\"}},\"Property\":\"Amount\"}},\"Function\":0},\"Name\":\"Sum(factfinance.Amount)\",\"NativeReferenceName\":\"Sum of Amount\"}],\"OrderBy\":[{\"Direction\":2,\"Expression\":{\"Aggregation\":{\"Expression\":{\"Column\":{\"Expression\":{\"SourceRef\":{\"Source\":\"f\"}},\"Property\":\"Amount\"}},\"Function\":0}}}]},\"drillFilterOtherVisuals\":true,\"hasDefaultSort\":true,\"objects\":{\"labels\":[{\"properties\":{\"fontSize\":{\"expr\":{\"Literal\":{\"Value\":\"15D\"}}},\"labelDisplayUnits\":{\"expr\":{\"Literal\":{\"Value\":\"1000000D\"}}},\"bold\":{\"expr\":{\"Literal\":{\"Value\":\"true\"}}},\"fontFamily\":{\"expr\":{\"Literal\":{\"Value\":\"'''Segoe UI'', wf_segoe-ui_normal, helvetica, arial, sans-serif'\"}}}}}],\"categoryLabels\":[{\"properties\":{\"show\":{\"expr\":{\"Literal\":{\"Value\":\"true\"}}},\"fontSize\":{\"expr\":{\"Literal\":{\"Value\":\"9D\"}}}}}]},\"vcObjects\":{\"background\":[{\"properties\":{\"color\":{\"solid\":{\"color\":{\"expr\":{\"ThemeDataColor\":{\"ColorId\":8,\"Percent\":0.6}}}}}}}],\"border\":[{\"properties\":{\"show\":{\"expr\":{\"Literal\":{\"Value\":\"true\"}}}}}]}}}",
          "filters": "[]",
          "height": 58.40,
          "width": 204.41,
          "x": 656.12,
          "y": 53.84,
          "z": 9000.00
        }
      ],
      "width": 1280.00
    }
  ]
}